{
  "a": 0.08991828463126308,
  "b": 0.7358193259882272,
  "h": 0.244122323532863,
  "rho": -0.045548165201056146,
  "n_matches": 9665,
  "converged": true
}